,acc,confusion,f1,loss,precision,recall
attns0,0.7865091358703119,"[[4546  477]
 [1077 1179]]",0.602760736196319,0.0071284932198637805,0.7119565217391305,0.5226063829787234
