,acc,confusion,f1,loss,precision,recall
lstm0,0.8181068828135732,"[[4551  472]
 [ 852 1404]]",0.6795740561471442,0.006431805791067445,0.7484008528784648,0.6223404255319149
