,acc,recall,precision,f1,confusion,loss
maxfiltercnn,0.8361038604203874,0.68927304964539,0.7596482657547631,0.7227515686730188,"[[4531  492]
 [ 701 1555]]",0.005864393250073259
lstm,0.8492924852314878,0.7442375886524822,0.7635288767621646,0.753759820426487,"[[4503  520]
 [ 577 1679]]",0.005634709889703046
attns,0.852589641434263,0.7473404255319149,0.7702147099132024,0.758605174353206,"[[4520  503]
 [ 570 1686]]",0.00551118643455149
resnext,0.826761917845858,0.5926418439716312,0.7963073257891602,0.6795425667090217,"[[4681  342]
 [ 919 1337]]",0.006255251946710004
resnet,0.837752438521775,0.651595744680851,0.7882037533512064,0.7134190730405242,"[[4628  395]
 [ 786 1470]]",0.005991078658342394
